system,a,b,c,alpha,beta,gamma
1,9.41077,9.41077,9.41077,90.0,90.0,90.0
3,4.49682,4.49682,3.10332,90.0,90.0,90.0
